[{
  "id": 1,
  "firstName": "Timmie",
  "lastName": "Oxshott",
  "email": "toxshott0@ucoz.com",
  "status": "Pending"
}, {
  "id": 2,
  "firstName": "Lazar",
  "lastName": "Nayer",
  "email": "lnayer1@surveymonkey.com",
  "status": "Pending"
}, {
  "id": 3,
  "firstName": "Eduardo",
  "lastName": "Inkpin",
  "email": "einkpin2@gov.uk",
  "status": "Pending"
}, {
  "id": 4,
  "firstName": "Bobine",
  "lastName": "Carhart",
  "email": "bcarhart3@fastcompany.com",
  "status": "Pending"
}, {
  "id": 5,
  "firstName": "Isaac",
  "lastName": "Wormleighton",
  "email": "iwormleighton4@patch.com",
  "status": "Pending"
}, {
  "id": 6,
  "firstName": "Nickey",
  "lastName": "Culter",
  "email": "nculter5@usnews.com",
  "status": "Pending"
}, {
  "id": 7,
  "firstName": "Ottilie",
  "lastName": "Hoggan",
  "email": "ohoggan6@sciencedaily.com",
  "status": "Pending"
}, {
  "id": 8,
  "firstName": "Gretta",
  "lastName": "Chessun",
  "email": "gchessun7@loc.gov",
  "status": "Pending"
}, {
  "id": 9,
  "firstName": "Allie",
  "lastName": "Pyrke",
  "email": "apyrke8@pinterest.com",
  "status": "Pending"
}, {
  "id": 10,
  "firstName": "Elwyn",
  "lastName": "Diglin",
  "email": "ediglin9@tiny.cc",
  "status": "Pending"
}, {
  "id": 11,
  "firstName": "Violette",
  "lastName": "Lefridge",
  "email": "vlefridgea@reverbnation.com",
  "status": "Pending"
}, {
  "id": 12,
  "firstName": "Leontyne",
  "lastName": "Poure",
  "email": "lpoureb@ucla.edu",
  "status": "Pending"
}, {
  "id": 13,
  "firstName": "Price",
  "lastName": "Gilling",
  "email": "pgillingc@home.pl",
  "status": "Pending"
}, {
  "id": 14,
  "firstName": "Caren",
  "lastName": "enzley",
  "email": "cenzleyd@studiopress.com",
  "status": "Pending"
}, {
  "id": 15,
  "firstName": "Kirbee",
  "lastName": "Storkes",
  "email": "kstorkese@nps.gov",
  "status": "Pending"
}, {
  "id": 16,
  "firstName": "Chev",
  "lastName": "Brodie",
  "email": "cbrodief@ed.gov",
  "status": "Pending"
}, {
  "id": 17,
  "firstName": "Arlin",
  "lastName": "Sygrove",
  "email": "asygroveg@cnbc.com",
  "status": "Pending"
}, {
  "id": 18,
  "firstName": "Lotti",
  "lastName": "Garaghan",
  "email": "lgaraghanh@clickbank.net",
  "status": "Pending"
}, {
  "id": 19,
  "firstName": "Vlad",
  "lastName": "Sainsbury-Brown",
  "email": "vsainsburybrowni@over-blog.com",
  "status": "Pending"
}, {
  "id": 20,
  "firstName": "Gayle",
  "lastName": "Gartery",
  "email": "ggarteryj@omniture.com",
  "status": "Pending"
}]